<?xml version="1.0" encoding="UTF-8"?>
<preferences>
 <debug showDebugMenu="0" />
 <systemtable>
  <columns>
   <connections preferredWidth="111" />
   <irq preferredWidth="34" />
  </columns>
 </systemtable>
 <clocktable>
  <columns>
   <clockname preferredWidth="237" />
   <clocksource preferredWidth="237" />
   <frequency preferredWidth="217" />
  </columns>
 </clocktable>
 <library
   expandedCategories="Library/Peripherals/Microcontroller Peripherals,Project,Library/Peripherals,Library,Library/Peripherals/Debug and Performance" />
 <window width="1100" height="800" x="59" y="272" />
</preferences>
