<?xml version="1.0" encoding="UTF-8"?>
<preferences>
 <debug showDebugMenu="0" />
 <systemtable>
  <columns>
   <connections preferredWidth="111" />
   <irq preferredWidth="34" />
  </columns>
 </systemtable>
 <clocktable>
  <columns>
   <clockname preferredWidth="416" />
   <clocksource preferredWidth="416" />
   <frequency preferredWidth="397" />
  </columns>
 </clocktable>
 <library expandedCategories="Project,Project/Other,Library" />
 <window width="1555" height="924" x="55" y="-14" />
 <hdlexample language="VERILOG" />
</preferences>
