<?xml version="1.0" ?>
<LOG_ROOT>
	<PROJECT NAME="niosII_tutorial">
		<CBX_INST_ENTRY INSTANCE_NAME="|niosII_tutorial|first_nios2_system:u0|first_nios2_system_jtag_uart_:jtag_uart|first_nios2_system_jtag_uart__scfifo_w:the_first_nios2_system_jtag_uart__scfifo_w|scfifo:wfifo" CBX_FILE_NAME="scfifo_1n21.tdf"/>
		<CBX_INST_ENTRY INSTANCE_NAME="|niosII_tutorial|first_nios2_system:u0|first_nios2_system_cpu:cpu|first_nios2_system_cpu_ic_data_module:first_nios2_system_cpu_ic_data|altsyncram:the_altsyncram" CBX_FILE_NAME="altsyncram_c9d1.tdf"/>
		<CBX_INST_ENTRY INSTANCE_NAME="|niosII_tutorial|first_nios2_system:u0|first_nios2_system_cpu:cpu|first_nios2_system_cpu_ic_tag_module:first_nios2_system_cpu_ic_tag|altsyncram:the_altsyncram" CBX_FILE_NAME="altsyncram_jsh1.tdf"/>
		<CBX_INST_ENTRY INSTANCE_NAME="|niosII_tutorial|first_nios2_system:u0|first_nios2_system_cpu:cpu|first_nios2_system_cpu_nios2_oci:the_first_nios2_system_cpu_nios2_oci|first_nios2_system_cpu_nios2_ocimem:the_first_nios2_system_cpu_nios2_ocimem|first_nios2_system_cpu_ociram_sp_ram_module:first_nios2_system_cpu_ociram_sp_ram|altsyncram:the_altsyncram" CBX_FILE_NAME="altsyncram_9i81.tdf"/>
		<CBX_INST_ENTRY INSTANCE_NAME="|niosII_tutorial|first_nios2_system:u0|first_nios2_system_cpu:cpu|first_nios2_system_cpu_register_bank_a_module:first_nios2_system_cpu_register_bank_a|altsyncram:the_altsyncram" CBX_FILE_NAME="altsyncram_olh1.tdf"/>
		<CBX_INST_ENTRY INSTANCE_NAME="|niosII_tutorial|first_nios2_system:u0|first_nios2_system_cpu:cpu|first_nios2_system_cpu_register_bank_b_module:first_nios2_system_cpu_register_bank_b|altsyncram:the_altsyncram" CBX_FILE_NAME="altsyncram_plh1.tdf"/>
		<CBX_INST_ENTRY INSTANCE_NAME="|niosII_tutorial|first_nios2_system:u0|first_nios2_system_cpu:cpu|lpm_add_sub:Add8" CBX_FILE_NAME="add_sub_8ri.tdf"/>
		<CBX_INST_ENTRY INSTANCE_NAME="|niosII_tutorial|first_nios2_system:u0|first_nios2_system_jtag_uart_:jtag_uart|first_nios2_system_jtag_uart__scfifo_r:the_first_nios2_system_jtag_uart__scfifo_r|scfifo:rfifo" CBX_FILE_NAME="scfifo_1n21.tdf"/>
		<CBX_INST_ENTRY INSTANCE_NAME="|niosII_tutorial|first_nios2_system:u0|first_nios2_system_onchip_mem:onchip_mem|altsyncram:the_altsyncram" CBX_FILE_NAME="altsyncram_ehd1.tdf"/>
	</PROJECT>
</LOG_ROOT>
